<?xml version="1.0" encoding="UTF-8"?>
<project-private xmlns="http://www.netbeans.org/ns/project-private/1">
    <editor-bookmarks xmlns="http://www.netbeans.org/ns/editor-bookmarks/2" lastBookmarkId="0"/>
    <open-files xmlns="http://www.netbeans.org/ns/projectui-open-files/2">
        <group>
            <file>file:/C:/Users/ADD/Desktop/3LH/3LH_Web/nbproject/ant-deploy.xml</file>
            <file>file:/C:/Users/ADD/Desktop/3LH/3LH_Web/nbproject/build-impl.xml</file>
            <file>file:/C:/Users/ADD/Desktop/3LH/3LH_Web/nbproject/project.properties</file>
            <file>file:/C:/Users/ADD/Desktop/3LH/3LH_Web/web/META-INF/context.xml</file>
            <file>file:/C:/Users/ADD/Desktop/3LH/3LH_Web/web/index.html</file>
            <file>file:/C:/Users/ADD/Desktop/3LH/3LH_Web/web/shop.html</file>
            <file>file:/C:/Users/ADD/Desktop/3LH/3LH_Web/nbproject/project.xml</file>
            <file>file:/C:/Users/ADD/Desktop/3LH/3LH_Web/web/Homes.jsp</file>
        </group>
    </open-files>
</project-private>
